{
  "HU": {
    "2025-09": {
      "industry": {
        "balances": [
          -30.9,
          -14.93,
          -27.82
        ],
        "mean": -24.55,
        "std": 6.9176055587657395,
        "corpus": "corpus_hu_pre_2025_09.json"
      },
      "services": {
        "balances": [
          5.51,
          3.45,
          0.45
        ],
        "mean": 3.1366666666666667,
        "std": 2.0775840670248593,
        "corpus": "corpus_hu_pre_2025_09.json"
      },
      "retail": {
        "balances": [
          0.49,
          -16.41,
          -3.97
        ],
        "mean": -6.63,
        "std": 7.151186381759789,
        "corpus": "corpus_hu_pre_2025_09.json"
      },
      "construction": {
        "balances": [
          18.32,
          13.68,
          8.76
        ],
        "mean": 13.586666666666666,
        "std": 3.9034116132201873,
        "corpus": "corpus_hu_pre_2025_09.json"
      }
    },
    "2025-11": {
      "industry": {
        "balances": [
          12.27,
          19.04,
          19.04
        ],
        "mean": 16.78333333333333,
        "std": 3.191408605755284,
        "corpus": "corpus_hu_pre_2025_11.json"
      },
      "services": {
        "balances": [
          28.25,
          22.24,
          23.46
        ],
        "mean": 24.649999999999995,
        "std": 2.59385170483331,
        "corpus": "corpus_hu_pre_2025_11.json"
      },
      "retail": {
        "balances": [
          7.3,
          9.05,
          12.56
        ],
        "mean": 9.636666666666668,
        "std": 2.187088373970187,
        "corpus": "corpus_hu_pre_2025_11.json"
      },
      "construction": {
        "balances": [
          30.07,
          26.06,
          33.38
        ],
        "mean": 29.836666666666662,
        "std": 2.9929287031638814,
        "corpus": "corpus_hu_pre_2025_11.json"
      }
    },
    "2026-01": {
      "industry": {
        "balances": [
          -2.31,
          -3.89,
          -10.12
        ],
        "mean": -5.44,
        "std": 3.371537730274817,
        "corpus": "corpus_hu_2025_12.json"
      },
      "services": {
        "balances": [
          2.31,
          13.28,
          13.89
        ],
        "mean": 9.826666666666666,
        "std": 5.320916796526286,
        "corpus": "corpus_hu_2025_12.json"
      },
      "retail": {
        "balances": [
          6.71,
          4.32,
          9.68
        ],
        "mean": 6.903333333333333,
        "std": 2.192477036494466,
        "corpus": "corpus_hu_2025_12.json"
      },
      "construction": {
        "balances": [
          14.38,
          12.66,
          4.02
        ],
        "mean": 10.353333333333333,
        "std": 4.533058815217626,
        "corpus": "corpus_hu_2025_12.json"
      }
    }
  },
  "CZ": {
    "2025-09": {
      "industry": {
        "balances": [
          13.95,
          12.85,
          10.86
        ],
        "mean": 12.553333333333333,
        "std": 1.2788102109208994,
        "corpus": "corpus_cz_2025_julsep.json"
      },
      "services": {
        "balances": [
          16.58,
          20.9,
          19.1
        ],
        "mean": 18.86,
        "std": 1.7717787672280083,
        "corpus": "corpus_cz_2025_julsep.json"
      },
      "retail": {
        "balances": [
          12.67,
          11.69,
          12.84
        ],
        "mean": 12.4,
        "std": 0.5068201521907617,
        "corpus": "corpus_cz_2025_julsep.json"
      },
      "construction": {
        "balances": [
          18.2,
          9.31,
          19.76
        ],
        "mean": 15.756666666666666,
        "std": 4.602755213516743,
        "corpus": "corpus_cz_2025_julsep.json"
      }
    },
    "2025-11": {
      "industry": {
        "balances": [
          32.2,
          24.94,
          32.18
        ],
        "mean": 29.77333333333333,
        "std": 3.4176925289180446,
        "corpus": "corpus_cz_pre_2025_11.json"
      },
      "services": {
        "balances": [
          32.12,
          35.07,
          32.43
        ],
        "mean": 33.20666666666667,
        "std": 1.3236397630103987,
        "corpus": "corpus_cz_pre_2025_11.json"
      },
      "retail": {
        "balances": [
          25.02,
          29.58,
          31.75
        ],
        "mean": 28.78333333333333,
        "std": 2.8046667458996897,
        "corpus": "corpus_cz_pre_2025_11.json"
      },
      "construction": {
        "balances": [
          34.27,
          32.95,
          35.3
        ],
        "mean": 34.17333333333333,
        "std": 0.9618154131063218,
        "corpus": "corpus_cz_pre_2025_11.json"
      }
    },
    "2026-01": {
      "industry": {
        "balances": [
          13.26,
          8.93,
          10.95
        ],
        "mean": 11.046666666666667,
        "std": 1.7690361468576294,
        "corpus": "corpus_cz_2026_01.json"
      },
      "services": {
        "balances": [
          10.69,
          8.81,
          10.25
        ],
        "mean": 9.916666666666666,
        "std": 0.8028836915906448,
        "corpus": "corpus_cz_2026_01.json"
      },
      "retail": {
        "balances": [
          7.84,
          5.09,
          -0.74
        ],
        "mean": 4.0633333333333335,
        "std": 3.5772087194099007,
        "corpus": "corpus_cz_2026_01.json"
      },
      "construction": {
        "balances": [
          4.6,
          3.91,
          0.61
        ],
        "mean": 3.0399999999999996,
        "std": 1.7412064782787824,
        "corpus": "corpus_cz_2026_01.json"
      }
    }
  },
  "PL": {
    "2025-09": {
      "industry": {
        "balances": [
          8.45,
          3.3,
          15.89
        ],
        "mean": 9.213333333333333,
        "std": 5.168109475964646,
        "corpus": "corpus_pl_pre_2025_09.json"
      },
      "services": {
        "balances": [
          3.68,
          -0.33,
          5.25
        ],
        "mean": 2.8666666666666667,
        "std": 2.3495011290815664,
        "corpus": "corpus_pl_pre_2025_09.json"
      },
      "retail": {
        "balances": [
          -6.98,
          -9.04,
          -1.52
        ],
        "mean": -5.846666666666667,
        "std": 3.1728991299581026,
        "corpus": "corpus_pl_pre_2025_09.json"
      },
      "construction": {
        "balances": [
          11.43,
          10.24,
          14.8
        ],
        "mean": 12.156666666666666,
        "std": 1.931222986146919,
        "corpus": "corpus_pl_pre_2025_09.json"
      }
    },
    "2025-11": {
      "industry": {
        "balances": [
          12.59,
          18.54,
          24.25
        ],
        "mean": 18.459999999999997,
        "std": 4.760511177034108,
        "corpus": "corpus_pl_pre_2025_11.json"
      },
      "services": {
        "balances": [
          9.43,
          15.21,
          7.18
        ],
        "mean": 10.606666666666667,
        "std": 3.382172214552194,
        "corpus": "corpus_pl_pre_2025_11.json"
      },
      "retail": {
        "balances": [
          -3.14,
          2.45,
          -2.27
        ],
        "mean": -0.9866666666666667,
        "std": 2.455908974064163,
        "corpus": "corpus_pl_pre_2025_11.json"
      },
      "construction": {
        "balances": [
          14.45,
          19.28,
          24.24
        ],
        "mean": 19.323333333333334,
        "std": 3.996868218437475,
        "corpus": "corpus_pl_pre_2025_11.json"
      }
    }
  }
}