{
  "HU": {
    "2025-09": {
      "industry": {
        "balances": [
          -30.9,
          -14.93,
          -27.82
        ],
        "mean": -24.55,
        "std": 6.9176055587657395,
        "corpus": "corpus_hu_pre_2025_09.json"
      },
      "services": {
        "balances": [
          5.51,
          3.45,
          0.45
        ],
        "mean": 3.1366666666666667,
        "std": 2.0775840670248593,
        "corpus": "corpus_hu_pre_2025_09.json"
      },
      "retail": {
        "balances": [
          0.49,
          -16.41,
          -3.97
        ],
        "mean": -6.63,
        "std": 7.151186381759789,
        "corpus": "corpus_hu_pre_2025_09.json"
      },
      "construction": {
        "balances": [
          18.32,
          13.68,
          8.76
        ],
        "mean": 13.586666666666666,
        "std": 3.9034116132201873,
        "corpus": "corpus_hu_pre_2025_09.json"
      }
    },
    "2025-11": {
      "industry": {
        "balances": [
          12.27,
          19.04,
          19.04
        ],
        "mean": 16.78333333333333,
        "std": 3.191408605755284,
        "corpus": "corpus_hu_pre_2025_11.json"
      },
      "services": {
        "balances": [
          28.25,
          22.24,
          23.46
        ],
        "mean": 24.649999999999995,
        "std": 2.59385170483331,
        "corpus": "corpus_hu_pre_2025_11.json"
      },
      "retail": {
        "balances": [
          7.3,
          9.05,
          12.56
        ],
        "mean": 9.636666666666668,
        "std": 2.187088373970187,
        "corpus": "corpus_hu_pre_2025_11.json"
      },
      "construction": {
        "balances": [
          30.07,
          26.06,
          33.38
        ],
        "mean": 29.836666666666662,
        "std": 2.9929287031638814,
        "corpus": "corpus_hu_pre_2025_11.json"
      }
    }
  }
}