{
  "HU": {
    "2025-09": {
      "industry": {
        "balances": [
          -26.31,
          -20.79,
          -17.66,
          -22.17,
          -30.2
        ],
        "mean": -23.426,
        "std": 4.381262831650253,
        "corpus": "corpus_hu_pre_2025_09.json"
      },
      "services": {
        "balances": [
          -5.62,
          2.63,
          -2.46,
          -6.89,
          -7.58
        ],
        "mean": -3.9840000000000004,
        "std": 3.7448663527554626,
        "corpus": "corpus_hu_pre_2025_09.json"
      },
      "retail": {
        "balances": [
          1.06,
          2.78,
          -4.74,
          -6.43,
          0.18
        ],
        "mean": -1.4300000000000002,
        "std": 3.534753173843967,
        "corpus": "corpus_hu_pre_2025_09.json"
      },
      "construction": {
        "balances": [
          10.68,
          18.89,
          12.51,
          10.63,
          13.21
        ],
        "mean": 13.184000000000001,
        "std": 3.0267580015587634,
        "corpus": "corpus_hu_pre_2025_09.json"
      }
    },
    "2025-11": {
      "industry": {
        "balances": [
          -1.22,
          4.29,
          -2.1,
          13.74,
          0.37
        ],
        "mean": 3.016,
        "std": 5.792162290544007,
        "corpus": "corpus_hu_pre_2025_11.json"
      },
      "services": {
        "balances": [
          3.38,
          9.54,
          8.78,
          10.29,
          8.72
        ],
        "mean": 8.142,
        "std": 2.4489213952268862,
        "corpus": "corpus_hu_pre_2025_11.json"
      },
      "retail": {
        "balances": [
          1.14,
          7.09,
          -2.2,
          -1.92,
          7.14
        ],
        "mean": 2.25,
        "std": 4.141526288700821,
        "corpus": "corpus_hu_pre_2025_11.json"
      },
      "construction": {
        "balances": [
          17.5,
          18.73,
          15.91,
          13.61,
          18.81
        ],
        "mean": 16.912,
        "std": 1.9575740088180573,
        "corpus": "corpus_hu_pre_2025_11.json"
      }
    },
    "2026-01": {
      "industry": {
        "balances": [
          1.68,
          -10.7,
          -11.93,
          -4.25,
          -5.22
        ],
        "mean": -6.084,
        "std": 4.896384788800815,
        "corpus": "corpus_hu_2025_12.json"
      },
      "services": {
        "balances": [
          1.26,
          6.01,
          2.9,
          11.36,
          -4.62
        ],
        "mean": 3.382,
        "std": 5.278675591471786,
        "corpus": "corpus_hu_2025_12.json"
      },
      "retail": {
        "balances": [
          -2.9,
          8.2,
          7.19,
          8.77,
          10.37
        ],
        "mean": 6.325999999999999,
        "std": 4.726616548864526,
        "corpus": "corpus_hu_2025_12.json"
      },
      "construction": {
        "balances": [
          7.33,
          18.9,
          8.37,
          12.5,
          17.11
        ],
        "mean": 12.841999999999999,
        "std": 4.591580991336208,
        "corpus": "corpus_hu_2025_12.json"
      }
    }
  },
  "CZ": {
    "2025-09": {
      "industry": {
        "balances": [
          -6.83,
          -16.88,
          -2.01,
          -18.06,
          -16.24
        ],
        "mean": -12.004,
        "std": 6.403819485275954,
        "corpus": "corpus_cz_2025_julsep.json"
      },
      "services": {
        "balances": [
          2.83,
          -11.32,
          -1.51,
          -15.96,
          -8.39
        ],
        "mean": -6.87,
        "std": 6.746267115968653,
        "corpus": "corpus_cz_2025_julsep.json"
      },
      "retail": {
        "balances": [
          -3.16,
          -17.25,
          -7.74,
          -9.75,
          -8.2
        ],
        "mean": -9.219999999999999,
        "std": 4.576378480851425,
        "corpus": "corpus_cz_2025_julsep.json"
      },
      "construction": {
        "balances": [
          -2.2,
          -3.93,
          -2.7,
          -8.63,
          8.63
        ],
        "mean": -1.766,
        "std": 5.673357383419452,
        "corpus": "corpus_cz_2025_julsep.json"
      }
    },
    "2025-11": {
      "industry": {
        "balances": [
          23.84,
          14.87,
          16.4,
          17.1,
          18.05
        ],
        "mean": 18.052,
        "std": 3.0744586515352585,
        "corpus": "corpus_cz_pre_2025_11.json"
      },
      "services": {
        "balances": [
          21.23,
          23.89,
          19.28,
          21.01,
          21.31
        ],
        "mean": 21.344,
        "std": 1.4743079732538922,
        "corpus": "corpus_cz_pre_2025_11.json"
      },
      "retail": {
        "balances": [
          19.62,
          11.85,
          24.77,
          10.99,
          22.68
        ],
        "mean": 17.982,
        "std": 5.609290151168862,
        "corpus": "corpus_cz_pre_2025_11.json"
      },
      "construction": {
        "balances": [
          19.25,
          16.55,
          25.57,
          20.18,
          15.66
        ],
        "mean": 19.442,
        "std": 3.4871501258190762,
        "corpus": "corpus_cz_pre_2025_11.json"
      }
    },
    "2026-01": {
      "industry": {
        "balances": [
          26.01,
          22.73,
          25.68,
          16.25,
          15.3
        ],
        "mean": 21.194,
        "std": 4.579513511280429,
        "corpus": "corpus_cz_2026_01.json"
      },
      "services": {
        "balances": [
          16.32,
          14.48,
          10.74,
          17.7,
          16.37
        ],
        "mean": 15.122,
        "std": 2.4187963949038784,
        "corpus": "corpus_cz_2026_01.json"
      },
      "retail": {
        "balances": [
          11.69,
          12.91,
          16.38,
          12.22,
          14.75
        ],
        "mean": 13.59,
        "std": 1.7366058850527943,
        "corpus": "corpus_cz_2026_01.json"
      },
      "construction": {
        "balances": [
          14.5,
          13.85,
          15.15,
          12.95,
          15.76
        ],
        "mean": 14.442000000000002,
        "std": 0.9816598188782102,
        "corpus": "corpus_cz_2026_01.json"
      }
    }
  },
  "PL": {
    "2025-09": {
      "industry": {
        "balances": [
          11.32,
          15.26,
          17.38,
          8.64,
          16.54
        ],
        "mean": 13.827999999999998,
        "std": 3.3234825108611594,
        "corpus": "corpus_pl_pre_2025_09.json"
      },
      "services": {
        "balances": [
          8.93,
          14.79,
          7.61,
          11.5,
          10.59
        ],
        "mean": 10.684000000000001,
        "std": 2.4519347462769066,
        "corpus": "corpus_pl_pre_2025_09.json"
      },
      "retail": {
        "balances": [
          6.96,
          11.69,
          5.96,
          7.65,
          10.97
        ],
        "mean": 8.645999999999999,
        "std": 2.2678677210102003,
        "corpus": "corpus_pl_pre_2025_09.json"
      },
      "construction": {
        "balances": [
          16.26,
          8.83,
          12.13,
          16.12,
          13.67
        ],
        "mean": 13.402000000000001,
        "std": 2.7621976757647166,
        "corpus": "corpus_pl_pre_2025_09.json"
      }
    },
    "2025-11": {
      "industry": {
        "balances": [
          9.92,
          6.74,
          5.97,
          9.97,
          10.82
        ],
        "mean": 8.684000000000001,
        "std": 1.9436522322679026,
        "corpus": "corpus_pl_pre_2025_11.json"
      },
      "services": {
        "balances": [
          12.11,
          15.96,
          16.81,
          8.38,
          11.79
        ],
        "mean": 13.01,
        "std": 3.0619536247304593,
        "corpus": "corpus_pl_pre_2025_11.json"
      },
      "retail": {
        "balances": [
          9.57,
          6.85,
          -0.58,
          1.33,
          2.41
        ],