{
  "price_score": {
    "HU": [
      2.4866689598646516,
      2.5354491301072213,
      2.311077138530631
    ],
    "CZ": [
      1.7927558430710573,
      1.788067827632344,
      1.6552244839356334
    ],
    "PT": [
      2.478971754168145,
      2.344647910647815,
      2.380520639881354
    ],
    "PL": [
      2.392044610191306,
      2.4736728590010975,
      2.513334858737162
    ]
  },
  "cci_balance": {
    "HU": [
      -30.337080428625505,
      -26.172186952757315,
      -4.422495344446253
    ],
    "CZ": [
      -5.503131449323062,
      21.03222492026129,
      0.048386284169499305
    ],
    "PT": [
      -28.032237448713904,
      -4.600344146086521,
      10.255064875098396
    ],
    "PL": [
      10.551667688681876,
      2.5316310995520563,
      -20.82217414304848
    ]
  },
  "price_gt": {
    "HU": [
      36.5,
      33.3,
      30.9
    ],
    "CZ": [
      23.6,
      8.6,
      7.3
    ],
    "PT": [
      41.8,
      33.8,
      38.0
    ],
    "PL": [
      20.9,
      21.6,
      20.6
    ]
  },
  "cci_gt": {
    "HU": [
      -24.8,
      -24.4,
      -19.4
    ],
    "CZ": [
      -7.3,
      -2.6,
      1.1
    ],
    "PT": [
      -17.4,
      -15.1,
      -13.7
    ],
    "PL": [
      -11.4,
      -13.0,
      -13.2
    ]
  },
  "months": [
    "2025-09",
    "2025-11",
    "2026-01"
  ]
}