{
  "pt_balance": -28.321790976317416,
  "survey_score": 2.4335641804736516,
  "n": 60,
  "gt_latest": -11.5,
  "gt_window": -14.0,
  "prior": -1.7,
  "hu_panel": -18.7,
  "cz_panel": -2.5
}