{
  "n": 39,
  "cat_balance": -97.43589743589743,
  "cat_dist": {
    "jobb": 0,
    "ugyanaz": 1,
    "rosszabb": 38
  },
  "ssr": {
    "linear": {
      "score": 2.402320782533975,
      "balance": -29.883960873301252,
      "survey_pmf": [
        0.23573173913940962,
        0.33140751199997587,
        0.23633253426836126,
        0.1878646563717363,
        0.00866355822051699
      ]
    },
    "softmax": {
      "score": 2.9888435334707393,
      "balance": -0.5578233264630361,
      "survey_pmf": [
        0.20064330634180141,
        0.20249298691284887,
        0.20084575882015568,
        0.19941276278319722,
        0.19660518514199687
      ]
    }
  },
  "cci_truth": -18.4
}